{"mean": [6.991821575498012, 0.496390386945528, 2.9925698117502972, -0.012160271555486738, 2.0765, 7.062969343023605], "scale": [1.752826419550863, 0.288507741086015, 0.575738112896592, 0.28724249093795207, 1.4183256854474573, 2.8662784971682336], "features": ["sleep_hours", "sleep_irregularity", "gpa", "gpa_drop", "club_attendance", "phone_hours"]}